Jill,Doe
Joe,Doe
Justin,Doe
Jane,Doe
John,Doe
Niles,O'Roan
Sammy,Mewha
Kaleena,Sunman
L;urette,Watters
Ailene,Ugoletti
Franzen,Gideon
Deanne,Pickring
Doralyn,Wilsher
Philippe,Habbin
Kelly,Cornall
Felice,Ballach
Filmore,Dauney
Ema,Burroughes
Evvie,Feavearyear
Helyn,Deverale
Luci,Bartaletti
Alwyn,Shireff
Andy,Philimore
Vassily,Webb
Lynea,Kuhlmey
Frasquito,Downage
Lydon,Figgess
Rochelle,McLeman
Edgard,Corsor
Niles,O'Roan
Sammy,Mewha
Kaleena,Sunman
L;urette,Watters
Ailene,Ugoletti
Franzen,Gideon
Deanne,Pickring
Doralyn,Wilsher
Philippe,Habbin
Kelly,Cornall
Felice,Ballach
Filmore,Dauney
Ema,Burroughes
Evvie,Feavearyear
Helyn,Deverale
Luci,Bartaletti
Alwyn,Shireff
Andy,Philimore
Vassily,Webb
Lynea,Kuhlmey
Frasquito,Downage
Lydon,Figgess
Rochelle,McLeman
Edgard,Corsor
Niles,O'Roan
Sammy,Mewha
Kaleena,Sunman
L;urette,Watters
Ailene,Ugoletti
Franzen,Gideon
Deanne,Pickring
Doralyn,Wilsher
Philippe,Habbin
Kelly,Cornall
Felice,Ballach
Filmore,Dauney
Ema,Burroughes
Evvie,Feavearyear
Helyn,Deverale
Luci,Bartaletti
Alwyn,Shireff
Andy,Philimore
Vassily,Webb
Lynea,Kuhlmey
Frasquito,Downage
Lydon,Figgess
Rochelle,McLeman
Edgard,Corsor
Niles,O'Roan
Sammy,Mewha
Kaleena,Sunman
L;urette,Watters
Ailene,Ugoletti
Franzen,Gideon
Deanne,Pickring
Doralyn,Wilsher
Philippe,Habbin
Kelly,Cornall
Felice,Ballach
Filmore,Dauney
Ema,Burroughes
Evvie,Feavearyear
Helyn,Deverale
Luci,Bartaletti
Alwyn,Shireff
Andy,Philimore
Vassily,Webb
Lynea,Kuhlmey
Frasquito,Downage
Lydon,Figgess
Rochelle,McLeman
Edgard,Corsor
Niles,O'Roan
Sammy,Mewha
Kaleena,Sunman
L;urette,Watters
Ailene,Ugoletti
Franzen,Gideon
Deanne,Pickring
Doralyn,Wilsher
Philippe,Habbin
Kelly,Cornall
Felice,Ballach
Filmore,Dauney
Ema,Burroughes
Evvie,Feavearyear
Helyn,Deverale
Luci,Bartaletti
Alwyn,Shireff
Andy,Philimore
Vassily,Webb
Lynea,Kuhlmey
Frasquito,Downage
Lydon,Figgess
Rochelle,McLeman
Edgard,Corsor
Niles,O'Roan
Sammy,Mewha
Kaleena,Sunman
L;urette,Watters
Ailene,Ugoletti
Franzen,Gideon
Deanne,Pickring
Doralyn,Wilsher
Philippe,Habbin
Kelly,Cornall
Felice,Ballach
Filmore,Dauney
Ema,Burroughes
Evvie,Feavearyear
Helyn,Deverale
Luci,Bartaletti
Alwyn,Shireff
Andy,Philimore
Vassily,Webb
Lynea,Kuhlmey
Frasquito,Downage
Lydon,Figgess
Rochelle,McLeman
Edgard,Corsor
Niles,O'Roan
Sammy,Mewha
Kaleena,Sunman
L;urette,Watters
Ailene,Ugoletti
Franzen,Gideon
Deanne,Pickring
Doralyn,Wilsher
Philippe,Habbin
Kelly,Cornall
Felice,Ballach
Filmore,Dauney
Ema,Burroughes
Evvie,Feavearyear
Helyn,Deverale
Luci,Bartaletti
